,id,class,name,mass_center_x,mass_center_y,RID_red,RID_green,RID_blue,confidence,nearest_cell
2,2,1,Centriole,600.4112548828125,561.111572265625,1990,1357,4295,0.46478143334388733,1
3,3,1,Centriole,733.0601806640625,476.44654846191406,2606,1713,1266,0.18475931882858276,0
4,4,1,Centriole,737.8785400390625,417.46888732910156,3679,1655,3788,0.11597424745559692,0
