,xmin,ymin,xmax,ymax,confidence,class,name,id,mass_center_x,mass_center_y,box_area,RID_red,RID_green,RID_blue,RID_total
0,579.314697265625,449.5990295410156,758.05859375,596.43359375,0.39744022488594055,0,Cell,0,668.6866455078125,523.0163116455078,26245.782145299017,304667,305855,721024,1331546.0
1,574.1553955078125,514.2101440429688,663.7312622070312,597.2071533203125,0.11487314850091934,0,Cell,1,618.9433288574219,555.7086486816406,7434.529039461166,92138,92437,286826,471401.0
2,597.3779296875,557.7161254882812,603.444580078125,564.5070190429688,0.46478143334388733,1,Centriole,2,600.4112548828125,561.111572265625,41.19797703623772,1990,1357,4295,7642.0
3,729.4603271484375,473.0208435058594,736.6600341796875,479.87225341796875,0.18475931882858276,1,Centriole,3,733.0601806640625,476.44654846191406,49.32814411818981,2606,1713,1266,5585.0
4,733.897705078125,413.536376953125,741.859375,421.4013977050781,0.11597424745559692,1,Centriole,4,737.8785400390625,417.46888732910156,62.61869915574789,3679,1655,3788,9122.0
